motaalcantara@uol.com.br:motaalcantararm19581asd
contex.textil@uol.com.br:contex.textil
cookies@uol.com.br:cmichaud
conus00@uol.com.br:coggles2
contmoretti@uol.com.br:m162958
control-ob@uol.com.br:fafe123
correajr@uol.com.br:filuri
corness@uol.com.br:gcorness
coromeerjld@uol.com.br:ra300117
coroafera@uol.com.br:enedi012
corona@uol.com.br:coronahome
cookl@uol.com.br:joeventuri
cleia3000@uol.com.br:CléiaZanetti
conuraducu@uol.com.br:malinuca
coolantn@uol.com.br:7F6Fedw1S
cookymonster48@uol.com.br:israphel
cooky89@uol.com.br:2493820aj
cooky@uol.com.br:hottie13579
cookwithme@uol.com.br:2186gail
cool231q@uol.com.br:acravex
cool123@uol.com.br:light.moon
cookies1@uol.com.br:kitanaa
cookie123@uol.com.br:vi-vinagre
cookiesmonstro@uol.com.br:chivas
costa.oliveira86@uol.com.br:357951ohnid
convict@uol.com.br:Nosnibor1
coolabeille@uol.com.br:boubou
costabarbosa80@uol.com.br:hendrix73
costa-barbara@uol.com.br:babi0610
costarocha@uol.com.br:ccvbmv
costa.oliveira86@uol.com.br:costa.oliveira86357951ohnid
costa.oliveira86@uol.com.br:dinho15975312
costa.oliveira86@uol.com.br:dinho159753d
conceitoeng@uol.com.br:Marcos.Calaça
coelhomonteiro@uol.com.br:esperan�a
cishueb@uol.com.br:CláudiaHueb
clara.leao@uol.com.br:MariaClaraLeãoNeves
cioram@uol.com.br:António
claudio.khouri@uol.com.br:CláudioKhouri
claudianista@uol.com.br:CláudiaNista
cicerojuchem@uol.com.br:CíceroJuchem
catiasantilli@uol.com.br:Cátia.Santilli
carvalho.julia@uol.com.br:Jú
corrida@uol.com.br:miltinho2
correos24@uol.com.br:javierpm1
corregedoria_sp@uol.com.br:karol77
coronado.antunes@uol.com.br:rasoju3
countej.fms@uol.com.br:laura.howard
courtneyanderson320@uol.com.br:1STINE
courrier@uol.com.br:jacynthe_roy
coursaris@uol.com.br:coursack
cp.libich@uol.com.br:CPL5858
cp.marcelo2010@uol.com.br:ma2005
cp.marcelo2015@uol.com.br:ma2005
cp.marcelooo@uol.com.br:ma2005
courosline@uol.com.br:secret
cp1195@uol.com.br:jmcpuel
cp12345@uol.com.br:cprose
cpasi0701@uol.com.br:c.zenker
courtneyhpruitt@uol.com.br:mfriedland
corretor.alan@uol.com.br:44507ala
corretor.adrianox@uol.com.br:corretor
correcher@uol.com.br:982960
corolal@uol.com.br:edivalbasilio
corola09@uol.com.br:calixtos
cowandcheese@uol.com.br:nokfreak
corominas@uol.com.br:mama22091777
corominas@uol.com.br:mama220911
cclgon@uol.com.br:JOSÉANTONIOGONÇALVES
corominas@uol.com.br:a2209
corominas@uol.com.br:mama2222
coromi@uol.com.br:9022amam
coromeerjld@uol.com.br:1003AR
coromeerjld@uol.com.br:mra3001a
coromeerjld@uol.com.br:mra3001
corollax@uol.com.br:xbox0318
corolla94@uol.com.br:jeffguay
correa-julio@uol.com.br:procalex
correa-js@uol.com.br:resuje69m
correa-js@uol.com.br:resuje69a
correa-js@uol.com.br:resuje69z
correa-js@uol.com.br:6912345
correajs@uol.com.br:resuje69
controleconsultoria@uol.com.br:controle@2017
contexto.com@uol.com.br:pis159753
cpass@uol.com.br:cpasscpassver
cpass@uol.com.br:qqcpass
covero166@uol.com.br:pe30071209
couturef@uol.com.br:bonnie
cp12251@uol.com.br:nenacastelo
cpavan@uol.com.br:515474
clutch@uol.com.br:JoséCarlos
coachdalva@uol.com.br:DalvaCorrêaGalvão
claudiopmota@uol.com.br:Cláudiomota
corremotor@uol.com.br:corremotor123
corjesu@uol.com.br:5080wyny
corky2324@uol.com.br:jackson68
corrado.arduini@uol.com.br:corrado
corinthians@uol.com.br:scheky
corinthians@uol.com.br:gi.sorriso
corrada@uol.com.br:dinomusic
corinne.b81@uol.com.br:maurane16
corinne.baldan@uol.com.br:828612
corking112@uol.com.br:940210skate
corkstogood@uol.com.br:thuglife
correndofininho@uol.com.br:brasil
claudioxavier60@uol.com.br:Cláudio.Xavier
cormack@uol.com.br:cormack1
celiare@uol.com.br:CéliaRubinsteinEisenbaum
couwey@uol.com.br:margot.comstock
cormack71@uol.com.br:bill722
couvrat@uol.com.br:pascal
coutocristiane@uol.com.br:Eurail
courtneyrb2004@uol.com.br:callie08
corrado598@uol.com.br:pozer666
couple33@uol.com.br:couplebx33
courtenaylou@uol.com.br:13love30mf
countrygirl8798@uol.com.br:snowball123
cornbreadxlover@uol.com.br:roosterteeth
courtlandsons@uol.com.br:3974811c
courtney07@uol.com.br:m.akermanis
courtlandlementarypto@uol.com.br:swaterman13
courtlandlementarypto@uol.com.br:fabio.marcaccioli
coum13@uol.com.br:cagiva
costa58@uol.com.br:1958pgc
celso_orlando@uol.com.br:915194
costa45@uol.com.br:marcuspaioletti
country@uol.com.br:proficionaliberal
costa_hs@uol.com.br:chatice
countryshop@uol.com.br:country1
costa_ana@uol.com.br:3182gs
costa@uol.com.br:anamat08
cotysp13@uol.com.br:samello01
courtney@uol.com.br:hershey
courier638@uol.com.br:lolman22
courtney.ward@uol.com.br:paola.marani
costa86@uol.com.br:costaron
costabile@uol.com.br:m2arredamenti
costabia@uol.com.br:mulder29
costa_elizeth@uol.com.br:minindia
corti@uol.com.br:sarah
costareis98@uol.com.br:cr120198#
costareis98@uol.com.br:cr120198
costarenatos@uol.com.br:658300
costarepre@uol.com.br:costa14
cortelliperes@uol.com.br:Jebela4
cortieknickers22@uol.com.br:il0veheath
corujinha@uol.com.br:reolizo
cosmocat6@uol.com.br:cosmocat
corujinha27@uol.com.br:enricomiranda
corveiabb@uol.com.br:12243648
costa29@uol.com.br:pdigue
cosmopax09091992@uol.com.br:danubiaafoliveira
cortezj5@uol.com.br:Cortezj4
costaramos@uol.com.br:161943
costapedro@uol.com.br:m1253p1
celiahaddad@uol.com.br:Célia
couple.dominos@uol.com.br:stlcfr1
cemariarocha@uol.com.br:CecíliaMariaTeixeiraRocha
cwgl@uol.com.br:xeyi63
clauschilling1@uol.com.br:CláudiaSchilling
clararosana@uol.com.br:ClaraRosannaGuimarães
cmdeassis@uol.com.br:José
costarazlsl@uol.com.br:ebc92
cortez.mari@uol.com.br:Margarida1
cortelliperes@uol.com.br:Jebela4123
cortelliperes@uol.com.br:Jebela4!
cortezmi@uol.com.br:etna19
cortezmi@uol.com.br:giga
cortes@uol.com.br:alemlini
cosmocat1@uol.com.br:hern.ice
corvelcorvell@uol.com.br:q007424re
corvell@uol.com.br:007424r
couldfuck37@uol.com.br:knutzor
count44on85@uol.com.br:Ad8K62eipY
countrynelson1964@uol.com.br:364141jsalazar
courtneybaue@uol.com.br:courtney.12
courtney.love@uol.com.br:EscolhaNickname
coudevyllem@uol.com.br:mrm9667
coumarane.sendil@uol.com.br:simatchy
country_girl_35@uol.com.br:mykids03
countrywide77@uol.com.br:carroo77
courstoujours@uol.com.br:antoine.canas40
courtney-bob@uol.com.br:courtney8
counsel@uol.com.br:felipo
countryboy03@uol.com.br:roscoe1234
craig.rodrigues@uol.com.br:357357
cpaulogomes@uol.com.br:buche1
coupot@uol.com.br:19paulmjones79
cparmegiani@uol.com.br:080603
cparmegiani@uol.com.br:091704$
cparmegiani@uol.com.br:clau0904
courage@uol.com.br:lucasoleiro
couragendures@uol.com.br:DMq36szi
courbassier38@uol.com.br:o.courbassier
counter.1@uol.com.br:interinter
couple20@uol.com.br:rede737251
courtney_berube@uol.com.br:josmat
costa.tanaka@uol.com.br:leo02
cj.ximenes@uol.com.br:Caizé.Ximenes
cgravina@uol.com.br:CláudioLúcioGravina
cfgr@uol.com.br:CíceroRibeiro
claudio.duten@uol.com.br:CláudioDutenhefner
clara.correa@uol.com.br:ClaraCorrêa
citeroribeiro@uol.com.br:FabianaCítero
colorson@uol.com.br:Nandão
convec1@uol.com.br:e-paschoal
cfas-tristao@uol.com.br:CláudiaSilva
cooper@uol.com.br:buffdill
ccbadari@uol.com.br:oxalá2016
corinne.levesque@uol.com.br:val92rom96
costa.tangerino@uol.com.br:AMB02253/05-78
costa.meire@uol.com.br:Meire.de.Souza
corkyd@uol.com.br:demonizacja
corradob@uol.com.br:ydenli
corint02123@uol.com.br:reinaldosesma
cornacini@uol.com.br:nmc0217
cornacchioni.adv@uol.com.br:isamar
corn2019@uol.com.br:gilroy55
cormack70@uol.com.br:bill721
cormack70@uol.com.br:bill72123
cormack70@uol.com.br:cormack701
cormack70@uol.com.br:bill7212
cormack7@uol.com.br:bill7
cormack6@uol.com.br:bill61
corporate@uol.com.br:Checkers6946
couviras@uol.com.br:densphone
cosimo842@uol.com.br:tscnyc
costa.oliveira@uol.com.br:costa.oliveira86
costa.oliveira75@uol.com.br:dinho04864
costa.oliveira8@uol.com.br:costa.oliveira86
costa.oliveira86@uol.com.br:dinho1
costa.oliveira86@uol.com.br:dinhoa
couture@uol.com.br:jeanjacquesvernay
costa.oliveira86@uol.com.br:dinho159753a
cousinlove@uol.com.br:dyanne751
cousinjannys@uol.com.br:Cyngielek1
costa-rr@uol.com.br:mingone
costa.oliveira86123@uol.com.br:costa.oliveira86
costa.oliveira86@uol.com.br:cdinho159753
costabeatriz@uol.com.br:050785
costa.wp@uol.com.br:wirtin14
costa.wallace@uol.com.br:spider
costa.oliveira@uol.com.br:dinho159753
costa5822@uol.com.br:jcbcosta
cosenzaraujoo@uol.com.br:hobbes04
costacafel@uol.com.br:cGEyOTEyOTE
costelbulete1@uol.com.br:omega0
cota1010@uol.com.br:lucar1
cosil@uol.com.br:cosil77
cosil@uol.com.br:mocs11111d
corywest33@uol.com.br:1ripbandmom
cos.taw@uol.com.br:d03m11
cosheryle@uol.com.br:trmoore
costa.an123@uol.com.br:costa.an
costa.an@uol.com.br:AntonioNobregadaCost
costa.an@uol.com.br:crm614rodd
costa.an@uol.com.br:89crm614ro1
cozinhazete@uol.com.br:624016387051795
cosas_18@uol.com.br:080195
costa.toni@uol.com.br:prosperando9
costa.tanaka@uol.com.br:leo20021
cflorestano@uol.com.br:ChristianoFeijãoFlorestano
cookiesthewolf@uol.com.br:huggiebear
cougarv6@uol.com.br:giovanni.riano
c-fortes@uol.com.br:CarlosSáFortes
countchocula@uol.com.br:letmein666
count@uol.com.br:egor0342
counterbeach@uol.com.br:opa12345
courtney.stafford@uol.com.br:rogers.sid2012
coucou78@uol.com.br:laurent.brefort
coryrancid@uol.com.br:Greenday94
coryplayswow11@uol.com.br:doodle11
counasse2@uol.com.br:AR8000
countrymiss@uol.com.br:hottie
countryrider@uol.com.br:miguel16
costa.tanaka@uol.com.br:costatanaka
courtney@uol.com.br:jezorewe
courtney_nicole@uol.com.br:girlsrule2
cortmelcer@uol.com.br:poilocu
cosmopeng@uol.com.br:jumpdrive1
cosmyn2008@uol.com.br:steaua22
cortopas@uol.com.br:eximport1
cory.robert@uol.com.br:matilde.tomassini
cortney.d.coker@uol.com.br:sonica76
corveta@uol.com.br:js2001
courspaes@uol.com.br:gauchard
coureer@uol.com.br:gone11
couquet01@uol.com.br:cartevitale
courtneyg@uol.com.br:ninia6788
courageous@uol.com.br:courage
couple.47@uol.com.br:minouche
courtneyberry212@uol.com.br:wewillwin
courtney_strickler@uol.com.br:ltus
cp.m_arcelo@uol.com.br:ma2005
cp.marcelo2014@uol.com.br:ma2005
cp.martinelli@uol.com.br:cpm4757
courosline@uol.com.br:Teco2007
cp.orefice@uol.com.br:isabela1!
courtney.ward@uol.com.br:ldeacon
courier@uol.com.br:binary
cougarfisio@uol.com.br:sasake
countime@uol.com.br:kero01
countice@uol.com.br:123456
counter1@uol.com.br:everflow
counter_h@uol.com.br:123456
cottardth@uol.com.br:citron10
cookiefalcao@uol.com.br:jogafa
cookieenvy@uol.com.br:10amanda
cookie9@uol.com.br:jillsgrove
clara.silverio@uol.com.br:ClaraBadaró
cookie.cookie@uol.com.br:fhlox2
comercial.publisigns@uol.com.br:PublisignsComunicaçãoVisual
cdicelio@uol.com.br:Cissa.Di.Célio
celsodoodasilva@uol.com.br:CelsoDoÓDaSilva
cehonorato@uol.com.br:ProCecíliaHonorato
cecilia.ceciliato@uol.com.br:CecíliaCeciliato
cavalcantejose@uol.com.br:JoseCândidoCavalcante
countryboy1974@uol.com.br:Fi112358
coswaldreginald@uol.com.br:enigma464
cota1942@uol.com.br:vgcota
costaadauri@uol.com.br:Ruan067
costa_ana@uol.com.br:flamengo
courtlaurette@uol.com.br:morris12
coupriephilippe@uol.com.br:nath92
cozumel69@uol.com.br:stefansp
cozinhasonhomeu@uol.com.br:csm05
cpaulsen@uol.com.br:d85fb9
couonu@uol.com.br:renato_nasciment
courtneycobb@uol.com.br:bowling
courtney9@uol.com.br:tiago-pc
coupey@uol.com.br:jose1963444
courier90@uol.com.br:Patriots11
courier@uol.com.br:j.carlile
courharris@uol.com.br:mswanson
cournoyerm@uol.com.br:albertoviscardi
courtney@uol.com.br:c.farr
costia@uol.com.br:010667
costruzioni.s.r.l@uol.com.br:marchinodj
costriuba@uol.com.br:Robibru23!
costosky@uol.com.br:coop5awls
cosmicvoyager@uol.com.br:obafgkmn1
commarques@uol.com.br:Cláudiomarques
corvinultimatum@uol.com.br:manalamagama67
cosmohenrique@uol.com.br:167088
corwin@uol.com.br:laurence
corvin@uol.com.br:rares22
corvina4@uol.com.br:pysakai
ciro.cezar@uol.com.br:AméliaCristinaCezarAraujo
courier99@uol.com.br:dogtail96
cintia.res@uol.com.br:CíntiaResende
counyee@uol.com.br:coun0202
cpaulogomes@uol.com.br:10altino
cpaulsen@uol.com.br:c34255
cozmikboi@uol.com.br:cheshier
couradados@uol.com.br:re1652dba3
counter.kevin@uol.com.br:qwertz
countrycosta@uol.com.br:bakamarts
coursack@uol.com.br:coursaris
celiasrd@uol.com.br:Célia.Pires
courtois.s@uol.com.br:doudou
cassio.junqueira@uol.com.br:Cássio.Junqueira
cesar.santanna@uol.com.br:CÉSAR
cp.m-arcelo@uol.com.br:ma2005
cp.ma-rcelo@uol.com.br:ma2005
cp.marcelo123@uol.com.br:ma2005
cozzolino@uol.com.br:cozzo24
cparrini@uol.com.br:9000AA
cp.albuquerque@uol.com.br:null
cp.alvim@uol.com.br:55215934
cp.spengler@uol.com.br:I_9957156!
cparticelli@uol.com.br:null
cpaschini@uol.com.br:darkside
courtcoad@uol.com.br:Jesse420
cozumel@uol.com.br:virginianina
cousins_pizza@uol.com.br:passxyvi
coutoebreda@uol.com.br:4kth57
coutoedinaldo@uol.com.br:angela25
coutinho_ricardo@uol.com.br:V5MCXE64
coritiba@uol.com.br:andreassef
coritiba@uol.com.br:migmoreira
corinthians@uol.com.br:alessandro.fontes
corporeality@uol.com.br:sie8en
corinthians1910@uol.com.br:pafsilva
corintimao2@uol.com.br:timao21123
corloc.ogrudincio@uol.com.br:bgam05
cormack70@uol.com.br:bill7
cormack70@uol.com.br:bill72yi
cormack70@uol.com.br:bill72m
cormack70@uol.com.br:bill7211.
cormacmacart@uol.com.br:fulames
corinne_fye@uol.com.br:n_mario
corn4ahead@uol.com.br:husker
courtyclaudia@uol.com.br:246090
coupe2@uol.com.br:tommie26
cp.peixoto@uol.com.br:c40a46d2
courteney@uol.com.br:deniselahey
couponsue68@uol.com.br:nharris
courtneyconolly@uol.com.br:fabiola72
c-paulo-costa@uol.com.br:Larye
dimitridinyako@uol.com.br:George
heitorblpereira@uol.com.br:H1234
cormier3@uol.com.br:kaylee
cormier@uol.com.br:yopipaname
conferrer@uol.com.br:ConceiçãoS.Ferrer
coolaight@uol.com.br:m51ectoren
corkery1@uol.com.br:djbrian
cookie1180@uol.com.br:bobiscool
coritinha@uol.com.br:jou123456
corleon0820@uol.com.br:nukie1
corleon@uol.com.br:ttsasa
corinte@uol.com.br:glepski
cp.-marcelo@uol.com.br:ma2005
cp.marcelo@uol.com.br:ma2005
cp.lima1979@uol.com.br:carro1
cozka@uol.com.br:pogiako
cparmegiani@uol.com.br:091704@
cparmegiani@uol.com.br:091704.
courseqvh@uol.com.br:V61kwk9wNP
cparkernam@uol.com.br:bvbarmy
cozzack@uol.com.br:cjk777
cp.marcel0@uol.com.br:ma2005
cp.marcelo2013@uol.com.br:ma2005
correapjoao@uol.com.br:joao999
cp.spengler@uol.com.br:I_9957156
cparthemore@uol.com.br:annaclaudiatirelli
coruja.imoveis@uol.com.br:107cor!
coruja.imoveis@uol.com.br:107cor123
coruja.imoveis@uol.com.br:107cor
corvell@uol.com.br:007424re1
corvell@uol.com.br:007424
corvell@uol.com.br:corvell123
corum23@uol.com.br:orca16
cosmos34@uol.com.br:gustavoayala
cp.caio@uol.com.br:cccmi2
coutinho_n@uol.com.br:calvin
coutinho_ricardo@uol.com.br:7225065
cosmochemicals@uol.com.br:94261-cos
cortes13@uol.com.br:cortes18
cortezmi@uol.com.br:papelarrozespecial
costamoreno@uol.com.br:eonice80
costaml@uol.com.br:re60879236
cortinas10@uol.com.br:homeandhouse
cortelliperes@uol.com.br:Jebela4$
costareis98@uol.com.br:cr1201
costa-reis@uol.com.br:maracutaia
cosmoflora@uol.com.br:denver
cosmoferreira@uol.com.br:@147cf@
cosmodisanto@uol.com.br:pietro.proserpio
cotysp13@uol.com.br:samello00
cauecint@uol.com.br:AndréFernando
costa-iris@uol.com.br:iris311
corretortrevisan@uol.com.br:608580
costa.oliveira86@uol.com.br:dinho15975310
costa.oliveira86357951ohnid@uol.com.br:costa.oliveira86
costa.rafael@uol.com.br:87654321
costabilecmontinispa@uol.com.br:tracie.spicuzza
costa_ana@uol.com.br:ana.p.costa.370
costak51@uol.com.br:lucas2812
coutinho_roberto@uol.com.br:null
cozpronta@uol.com.br:joelho
counterman@uol.com.br:chan.bath
cpaulsen@uol.com.br:D85fb9.
cpaulsen@uol.com.br:D85fb9*
courtneytaylor@uol.com.br:malibu
courquoi@uol.com.br:elanor
courtneyprice@uol.com.br:kdilla
cosmedemilson@uol.com.br:cd17698447q123
cookiescave@uol.com.br:tyler101595
cool231@uol.com.br:acravex
coolzguy1@uol.com.br:jacobr12
cookies.best@uol.com.br:bonjour
cookiegirl321@uol.com.br:Flower123
copa2014@uol.com.br:martins.nicolas
cookies@uol.com.br:jmarukot
cookiecrumbs224@uol.com.br:remix51
claudianereis@uol.com.br:ClaudianeReisdaPaixão
cezarrabello@uol.com.br:JúlioCezarTeixeiraRabelo
celiopatta@uol.com.br:CélioCartanoPatta
copatech@uol.com.br:1912copa
coreydefaz11@uol.com.br:getsugatensou
coreydd2002@uol.com.br:Moroni1032
copain2009@uol.com.br:gmarquis2006
copadomndo@uol.com.br:claudioleao
coondog1977@uol.com.br:cherish2002
cop8433@uol.com.br:jromani
coolshivam@uol.com.br:shivamag
coompuctove@uol.com.br:3p7dq9exJX
costacichon@uol.com.br:840642
cosbra1@uol.com.br:braga-mc
courtney.stafford@uol.com.br:g_frioli
countmypubes@uol.com.br:9231993j
cosmecaruso@uol.com.br:palestra14
cosil@uol.com.br:Mocs22223
co-sitta@uol.com.br:1805cs
costa079@uol.com.br:edelbertonet
countryboy.21@uol.com.br:32623262
costa_rs@uol.com.br:080162
costa_rp@uol.com.br:legolas
costacarmen@uol.com.br:azc5qj
costaan@uol.com.br:6891ul!
coupey@uol.com.br:firewater2
court420@uol.com.br:jspannbauer
courtgwyn@uol.com.br:htrojan
costaaj@uol.com.br:MINHAVIDA
costa59@uol.com.br:146039714503118
costa@uol.com.br:fabito10
costa21@uol.com.br:adriano.maskalenkas
cosmicboris@uol.com.br:leej5715
costela11@uol.com.br:alanbuzzo
costela@uol.com.br:jluisflores
costbine@uol.com.br:alesdori
costazica@uol.com.br:aulau0425
courtjester69@uol.com.br:Katyrose09
courtiol.fp@uol.com.br:291092
couragereactor@uol.com.br:mateusz1412
cparmegiani@uol.com.br:ClaudiaParmegiani
cparmegiani@uol.com.br:091704
couponqueen@uol.com.br:missthang
coudar2@uol.com.br:healingx2
coud1986@uol.com.br:denis.mauricio
courlas@uol.com.br:corine.causse
courier@uol.com.br:marker15
courgecleatte@uol.com.br:9tAl5jog9P
couros@uol.com.br:alec.couros
courolusa@uol.com.br:150255
coulange@uol.com.br:watoomb
count15on43@uol.com.br:Ad8K62eipY
courtney@uol.com.br:laverty_7
countryshop@uol.com.br:country11
courtney.qamar@uol.com.br:camillo1937
cougar@uol.com.br:elier.jd
country@uol.com.br:faithaloha
countryboy@uol.com.br:larryfreeman
coulee@uol.com.br:dan0790
cottard.damien@uol.com.br:Flibuste75
countblah@uol.com.br:Bettyb00p
clisis@uol.com.br:SheilaMárciaRibeiroCosta
cdribeiro@uol.com.br:CésarRibeiro
chicdiaz@uol.com.br:irê
cortinasedec.maosdeouro@uol.com.br:37218683
cortinadeferro@uol.com.br:ci1850
corte-realpagura@uol.com.br:e40093
cortereal1@uol.com.br:U8MKSW2D
costa-renan@uol.com.br:fabiana1
cosmoferreira@uol.com.br:123mudar1
cosmocosmo@uol.com.br:kuzma35
costaramos@uol.com.br:37f5d8
cp.vasconcellos@uol.com.br:THEOBABY123
couples@uol.com.br:alexleach1
cp.paganelli@uol.com.br:happyhour
cp.n1234567890@uol.com.br:free4me16
cp.moraes@uol.com.br:6lorac
county@uol.com.br:knutsonn
couple2couple@uol.com.br:segan315
courtjester23@uol.com.br:123456
couragewolf@uol.com.br:242ec3c3
courtneygadd@uol.com.br:mikael.howard
courage@uol.com.br:courageous
corroriogoulinobirroldo@uol.com.br:jmmb1
corumba@uol.com.br:enmello
costalamatto@uol.com.br:amatto
coutinho_roberto@uol.com.br:8dmrkx
courtniee1011@uol.com.br:Nte101111
cousins6@uol.com.br:vincefiore
cozof@uol.com.br:asd456
cozmacozma32@uol.com.br:aurelian32
countrygirl@uol.com.br:fred.ducharme
corujarc@uol.com.br:akm2814
coruja90@uol.com.br:emeloi
coruja03@uol.com.br:rai.silva
corvo2@uol.com.br:deivyn
cosmos@uol.com.br:sln19161a13
cosmy88@uol.com.br:System88
cory.brennan@uol.com.br:toshiba8
cortinesgontijo@uol.com.br:joeu777
corx@uol.com.br:18106
corwin46@uol.com.br:oberon47
cortrex22@uol.com.br:Stanislavek222
cortopassi@uol.com.br:ga9210
cortney@uol.com.br:gary.carterjr
cosenzaraujo@uol.com.br:hobbes114
corvin-kreis@uol.com.br:Spongebob12
cosmop@uol.com.br:123456
corttez86@uol.com.br:jeronimo75
costanil@uol.com.br:060358
cosmos37@uol.com.br:graham.carter
costaneide@uol.com.br:Born2luv.
costaneide@uol.com.br:Born2luv$
cortezmi@uol.com.br:estantevirtual
cortezmi@uol.com.br:facebook11
cortezmi@uol.com.br:TM5k5Ezy
costa-clara@uol.com.br:07051982cinara
cosbazz@uol.com.br:acrantz
cosmecezar@uol.com.br:210260
cosme-arouca@uol.com.br:Cosme272
costa.rubia@uol.com.br:rc195600
costa-artur@uol.com.br:motorolak1
cosenzarauc@uol.com.br:hobbes04
costaadauri@uol.com.br:ruan06
costa@uol.com.br:gostoso
costa6942@uol.com.br:jabrunoro
costabilecmontinispa@uol.com.br:decoccio
costarossi@uol.com.br:11626
costa.patrick@uol.com.br:lafb3030
costa.oliveira86@uol.com.br:1357951ohnid
costa-bel@uol.com.br:rsm007
costa.vj@uol.com.br:vbnvbn
costa.oliveira86@uol.com.br:cdinho
costa.oliveira86@uol.com.br:159753asd
costa.oliveira86@uol.com.br:4148357951ohnid
costaavila@uol.com.br:051627
cosimocos@uol.com.br:icia1tt2on
cosa6900@uol.com.br:030992
courtavi@uol.com.br:cavfillan
courtex0@uol.com.br:Dominium1
couqodiicil@uol.com.br:vt1422vt
courtenays@uol.com.br:courtenay
coupssss@uol.com.br:Lockie09
court@uol.com.br:oda1005
countzerocc@uol.com.br:scaramanga
cozinha2@uol.com.br:lapolicci
courtney90@uol.com.br:courtneyw3
coultezzy@uol.com.br:nadias
courchesne@uol.com.br:conselectricr
couplal@uol.com.br:powerfranktrade
coupey@uol.com.br:jose63123
courier6_38@uol.com.br:lolman22
countrypet@uol.com.br:santiagoemerson
cosminvieriu92@uol.com.br:kissofdawn
copenshaw@uol.com.br:kian2004asddaq
copenshaw@uol.com.br:kian2004qq1w
copenshaw@uol.com.br:kian2004asd24qwerty
copav8@uol.com.br:Ga230885
coolesbaby2003@uol.com.br:Sammy123
coorabloows@uol.com.br:g3zw78NutK
coolesteil@uol.com.br:janinha.sp
coolings@uol.com.br:hadafang97
cooling69@uol.com.br:Manchester69
cooling_ice@uol.com.br:gabbysucks
coolermonster@uol.com.br:11241124
coolerkevin11@uol.com.br:ccooll
cooper90@uol.com.br:robbi.1990
cooleo127@uol.com.br:boblord
coolgirl8890@uol.com.br:love8890
courtneyleannlove@uol.com.br:gambassini.enrico
cp.poncetti@uol.com.br:32264121
cp.pacheco@uol.com.br:eusoentro
cozminbucuresti@uol.com.br:varumare
courtney-johnson@uol.com.br:profits73
courrier@uol.com.br:guynobert
