#Sun Feb 26 20:04:42 BRT 2023
config.server=portugalmail.pt\:imap.portugalmail.pt\:143;terra.com.br\:imap.terra.com.br\:993;damasonline.com.br\:mail.damasonline.com.br\:993;mail.pt\:mail.pt\:143;criswo.com.br\:imap.criswo.com.br\:993;plantapronta.com.br\:imap.plantapronta.com.br\:993;hawaiiantel.net\:imap.hawaiiantel.net\:143;t-online.de\:imap.t-online.de\:993;mabjo.com.br\:imap.mabjo.com.br\:993;novavia.com.br\:mail.novavia.com.br\:993;clubedoradio.com.br\:mail.clubedoradio.com.br\:993;eqseng.com.br\:mail.eqseng.com.br\:993;sterimed.com.br\:mail.sterimed.com.br\:143;bloquellambari.com.br\:mail.bloquellambari.com.br\:993;esac.pt\:mail.esac.pt\:993;gravsystem.com.br\:imap.gravsystem.com.br\:993;grupogilioli.com.br\:mail.grupogilioli.com.br\:993;draftsolutions.com.br\:mail.draftsolutions.com.br\:993;redesul.com.br\:mail.redesul.com.br\:993;montevideo.com.uy\:mail.montevideo.com.uy\:993;wistt.com.br\:mail.wistt.com.br\:993;justprev.com.br\:mail.justprev.com.br\:993;vendastech.com.br\:imap.vendastech.com.br\:993;pamafert.com\:mail.pamafert.com\:143;sindco.com.br\:sindco.com.br\:993;escolaverde.com.br\:mail.escolaverde.com.br\:993;clix.pt\:imap.clix.pt\:143;techlineinfo.com.br\:mail.techlineinfo.com.br\:993;popworks.com.br\:mail.popworks.com.br\:993;soprolider.com.br\:mail.soprolider.com.br\:993;visar.com.br\:mail.visar.com.br\:993;ositec.com.br\:mail.ositec.com.br\:143;acisv.com.br\:imap.acisv.com.br\:993;ldsubmissions.com\:mail.ldsubmissions.com\:993;uniflexo.com.br\:mail.uniflexo.com.br\:143;3dg.com.br\:mail.3dg.com.br\:993;rushmore.com\:mail.rushmore.com\:143;keynet.com.br\:mail.keynet.com.br\:993;mithsan.com.br\:imap.mithsan.com.br\:993;kanguru.pt\:imap.kanguru.pt\:993;grupomir.com.br\:imap.grupomir.com.br\:993;trendcomunicacao.com.br\:mail.trendcomunicacao.com.br\:993;hugogomes.com.br\:hugogomes.com.br\:993;webetron.com\:mail.webetron.com\:993;netvision.com.br\:webmail.netvision.com.br\:143;iconeservicos.com.br\:mail.iconeservicos.com.br\:143;soryt.com.br\:mail.soryt.com.br\:993;kacique.com.br\:mail.kacique.com.br\:993;keynet.com.br\:webmail.keynet.com.br\:993;vbceng.com.br\:mail.vbceng.com.br\:143;soryt.com.br\:mail.soryt.com.br\:143;engebio-ne.com.br\:imap.engebio-ne.com.br\:993;mahadevhotel.com\:mail.mahadevhotel.com\:993;optimaldesign.com.br\:mail.optimaldesign.com.br\:993;1337.no\:imap.1337.no\:993;htcs.com.br\:mail.htcs.com.br\:143;manx.net\:mail.manx.net\:993;kraftplast.com.br\:mail.kraftplast.com.br\:143;biold.nir.jp\:mail.biold.nir.jp\:143;softhouse.com.br\:imap.softhouse.com.br\:993;mabtec.com.br\:imap.mabtec.com.br\:993;proamanaus.com.br\:imap.proamanaus.com.br\:143;rudemo.com\:mail.rudemo.com\:993;logoslivraria.com.br\:mail.logoslivraria.com.br\:143;aeiou.pt\:imap.aeiou.pt\:143;happywalk.com.br\:imap.happywalk.com.br\:993;cm2t.com.br\:mail.cm2t.com.br\:993;sulcolchoes.com.br\:mail.sulcolchoes.com.br\:993;smscassilandia.com.br\:imap.smscassilandia.com.br\:993;xturbo.com.br\:imap.xturbo.com.br\:993;nicolato.com.br\:imap.nicolato.com.br\:993;k9web.com.br\:mail.k9web.com.br\:143;mweb.co.za\:mail.mweb.co.za\:993;hofmeister.com.br\:imap.hofmeister.com.br\:993;qgdivendassp.com.br\:imap.qgdivendassp.com.br\:143;eurotech.net.br\:imap.eurotech.net.br\:143;pontomega.com.br\:mail.pontomega.com.br\:993;ascendant.com.br\:imap.ascendant.com.br\:993;therapeutica.com.br\:imap.therapeutica.com.br\:993;grupockl.com.br\:imap.grupockl.com.br\:993;segurancasudeste.com.br\:mail.segurancasudeste.com.br\:993;novaminas.com.br\:mail.novaminas.com.br\:993;tele2.nl\:imap.tele2.nl\:993;cursinhomogiano.com.br\:imap.cursinhomogiano.com.br\:993;elevenup.com.br\:imap.elevenup.com.br\:143;odcec.napoli.it\:imap.odcec.napoli.it\:143;ayeonline.org\:mail.ayeonline.org\:993;zionrotulos.com.br\:mail.zionrotulos.com.br\:143;lindossonhos.com.br\:mail.lindossonhos.com.br\:993;augustocoutinho.com.br\:mail.augustocoutinho.com.br\:993;universopositivo.com.br\:universopositivo.com.br\:993;quallypeles.com.br\:imap.quallypeles.com.br\:993;life.com.br\:mail.life.com.br\:993;virtualarte.com.br\:mail.virtualarte.com.br\:993;tonhaoseguros.com.br\:imap.tonhaoseguros.com.br\:143;cfee.eng.br\:mail.cfee.eng.br\:993;saopauloescritorio.com.br\:mail.saopauloescritorio.com.br\:993;rsimport.com.br\:mail.rsimport.com.br\:993;rhvia.com.br\:mail.rhvia.com.br\:993;topsoft.inf.br\:mail.topsoft.inf.br\:993;asian.tv.br\:imap.asian.tv.br\:143;polifiltro.com.br\:imap.polifiltro.com.br\:143;locnave.com.br\:mail.locnave.com.br\:993;psapartsrj.com.br\:imap.psapartsrj.com.br\:993;durecrete.com.br\:mail.durecrete.com.br\:993;dzetta.com.br\:mail.dzetta.com.br\:993;setembrofilmes.com.br\:mail.setembrofilmes.com.br\:143;contarium.com.br\:imap.contarium.com.br\:143;methaeng.com.br\:mail.methaeng.com.br\:143;proinoxltda.com.br\:proinoxltda.com.br\:143;spineimplantes.com.br\:imap.spineimplantes.com.br\:143;gruponacon.com.br\:imap.gruponacon.com.br\:993;p2i.com.br\:p2i.com.br\:143;rony.com.br\:mail.rony.com.br\:993;bradf.com.br\:imap.bradf.com.br\:993;imep.org.br\:mail.imep.org.br\:993;voalab.com.br\:mail.voalab.com.br\:993;arituba.com.br\:imap.arituba.com.br\:993;ordahy.com.br\:imap.ordahy.com.br\:143;cdshopmusic.com.br\:mail.cdshopmusic.com.br\:993;wizard.com.br\:mail.wizard.com.br\:143;labproexame.com.br\:mail.labproexame.com.br\:993;wisponline.ca\:wisponline.ca\:993;biotwo.com.br\:imap.biotwo.com.br\:143;ajcandido.com.br\:imap.ajcandido.com.br\:993;convem.com.br\:imap.convem.com.br\:993;debcred.com.br\:mail.debcred.com.br\:993;thegrooveacademy.com\:imap.thegrooveacademy.com\:993;achievelanguages.com.br\:imap.achievelanguages.com.br\:993;jbsmusic.com.br\:mail.jbsmusic.com.br\:143;daimon.com.br\:mail.daimon.com.br\:993;inmail.sk\:imap.inmail.sk\:993;pro3000.com.br\:imap.pro3000.com.br\:143;idegerh.com.br\:imap.idegerh.com.br\:993;grupolavex.com.br\:mail.grupolavex.com.br\:993;menutech.xyz\:mail.menutech.xyz\:993;ig.osasco.br\:imap.ig.osasco.br\:993;mgconecta.com.br\:imap.mgconecta.com.br\:993;hidroship.com.br\:hidroship.com.br\:993;ciatrading.com.br\:imap.ciatrading.com.br\:993;021turismo.com.br\:imap.021turismo.com.br\:143;upgradebarras.com.br\:mail.upgradebarras.com.br\:143;reciclage.com.br\:mail.reciclage.com.br\:993;digicsolucoes.com.br\:imap.digicsolucoes.com.br\:993;superip.com.br\:imap.superip.com.br\:993;brazit.com.br\:imap.brazit.com.br\:143;freemail.hu\:imap.freemail.hu\:993;vendrame.eng.br\:mail.vendrame.eng.br\:993;primeirooficiobp.com.br\:mail.primeirooficiobp.com.br\:993;mageotecnia.com.br\:mail.mageotecnia.com.br\:143;oabsoluto.com.br\:mail.oabsoluto.com.br\:993;abcatualcard.com.br\:mail.abcatualcard.com.br\:443;boido.fr\:mail.boido.fr\:993;atomiza.com.br\:mail.atomiza.com.br\:993;homeagent.com.br\:imap.homeagent.com.br\:993;fugpmdb.org.br\:mail.fugpmdb.org.br\:143;totalpublicidade.com.br\:imap.totalpublicidade.com.br\:143;con-ame.com\:mail.con-ame.com\:993;melocouto.com.br\:melocouto.com.br\:993;arodrigues.com.br\:imap.arodrigues.com.br\:993;eletroguard.com.br\:imap.eletroguard.com.br\:993;mirantte.com.br\:mail.mirantte.com.br\:993;tedcamisas.com.br\:mail.tedcamisas.com.br\:993;srgarciaafiacao.com.br\:mail.srgarciaafiacao.com.br\:143;fmc.br\:imap.fmc.br\:143;batrix.com.pl\:mail.batrix.com.pl\:993;metodistavilamaria.org.br\:mail.metodistavilamaria.org.br\:993;ikedahoteis.com.br\:imap.ikedahoteis.com.br\:993;socerj.org.br\:mail.socerj.org.br\:993;webcont.com.br\:imap.webcont.com.br\:143;brasilflexo.com.br\:mail.brasilflexo.com.br\:993;teutobrasileiro.com.br\:mail.teutobrasileiro.com.br\:993;offesta.com.br\:mail.offesta.com.br\:993;ancoraarte.com.br\:ancoraarte.com.br\:993;microrexspa.com\:imap.microrexspa.com\:993;encontrodasbebidas.com.br\:mail.encontrodasbebidas.com.br\:993;kazaestilo.com.br\:imap.kazaestilo.com.br\:993;instaladoraprimus.com.br\:instaladoraprimus.com.br\:993;amaderm.com.br\:mail.amaderm.com.br\:143;usis.com.br\:mail.usis.com.br\:993;kleros.com.br\:imap.kleros.com.br\:143;lantic.net\:imap.lantic.net\:143;kardush.com.br\:imap.kardush.com.br\:993;redsolution.com.br\:webmail.redsolution.com.br\:993;bgpaisagismo.com.br\:mail.bgpaisagismo.com.br\:143;prodacop.com.br\:imap.prodacop.com.br\:993;oxidodesign.com.br\:mail.oxidodesign.com.br\:993;dracco.com.br\:mail.dracco.com.br\:143;brnpar.com.br\:imap.brnpar.com.br\:143;acasys.com.br\:webmail.acasys.com.br\:993;paulinhodaviola.com.br\:mail.paulinhodaviola.com.br\:143;ebefarma.com.br\:mail.ebefarma.com.br\:143;xexeucompressores.com.br\:imap.xexeucompressores.com.br\:993;franor.com.br\:imap.franor.com.br\:993;ojacquessilva.com.br\:imap.ojacquessilva.com.br\:993;rbc1.com.br\:mail.rbc1.com.br\:993;equipekasadoce.com.br\:imap.equipekasadoce.com.br\:993;usefix.com.br\:mail.usefix.com.br\:993;klmbh.com.br\:mail.klmbh.com.br\:143;coifamax.com.br\:imap.coifamax.com.br\:993;majur.com.br\:imap.majur.com.br\:993;espacograciano.com.br\:mail.espacograciano.com.br\:143;gvc.adv.br\:imap.gvc.adv.br\:993;cafesache.com.br\:imap.cafesache.com.br\:143;drogariasfreire.com.br\:mail.drogariasfreire.com.br\:143;sllivros.com.br\:mail.sllivros.com.br\:993;silva-ag.com.br\:imap.silva-ag.com.br\:993;vimaquina.com.br\:imap.vimaquina.com.br\:993;ottrans.com.br\:imap.ottrans.com.br\:993;rjsobcontrole.com.br\:mail.rjsobcontrole.com.br\:143;lds.net.ua\:imap.lds.net.ua\:993;grandmartgroup.com\:mail.grandmartgroup.com\:993;qualityimovel.com.br\:mail.qualityimovel.com.br\:993;fernandoschnaid.com.br\:mail.fernandoschnaid.com.br\:143;visualwork.pt\:mail.visualwork.pt\:143;sencoengenharia.com.br\:imap.sencoengenharia.com.br\:993;atk.com.br\:webmail.atk.com.br\:143;promkt.com.br\:imap.promkt.com.br\:993;uc.pt\:mail.uc.pt\:143;araldi.com.br\:mail.araldi.com.br\:993;nonnogiuseppe.com.br\:imap.nonnogiuseppe.com.br\:993;topair.com.br\:mail.topair.com.br\:143;lagosstatehr.com\:mail.lagosstatehr.com\:143;bankfy.com.br\:mail.bankfy.com.br\:143;aquaplace.com.br\:mail.aquaplace.com.br\:143;engeplus.com.br\:mail.engeplus.com.br\:143;vitaramotel.com.br\:mail.vitaramotel.com.br\:993;viafast.com.br\:imap.viafast.com.br\:993;colegiomagno.com.br\:imap.colegiomagno.com.br\:993;visinet.com.br\:imap.visinet.com.br\:993;reidadiversao.com.br\:mail.reidadiversao.com.br\:143;apseadvogados.com.br\:imap.apseadvogados.com.br\:993;humann.com.br\:imap.humann.com.br\:993;centrixbali.com\:imap.centrixbali.com\:993;premierbebidas.com.br\:mail.premierbebidas.com.br\:143;boolatrading.com\:imap.boolatrading.com\:143;tecertapetes.com.br\:imap.tecertapetes.com.br\:143;espace-plus.eu\:imap.espace-plus.eu\:143;hall.pt\:imap.hall.pt\:993;eth4info.com.br\:imap.eth4info.com.br\:993;bashgah-nojavan.com\:mail.bashgah-nojavan.com\:143;loiolati.com.br\:mail.loiolati.com.br\:993;ranaville.com.br\:imap.ranaville.com.br\:993;pfm.nir.jp\:mail.pfm.nir.jp\:993;tatipersonal.com.br\:tatipersonal.com.br\:143;jusfy.com.br\:webmail.jusfy.com.br\:993;yamcol.com.br\:imap.yamcol.com.br\:993;cwblogistics.com.br\:cwblogistics.com.br\:993;familiaegraca.com.br\:mail.familiaegraca.com.br\:143;gravinalli.com.br\:imap.gravinalli.com.br\:993;medilarrs.com.br\:imap.medilarrs.com.br\:143;curvaecobre.com.br\:mail.curvaecobre.com.br\:143;lojaconstroi.com.br\:imap.lojaconstroi.com.br\:993;bnbadvocacia.com.br\:imap.bnbadvocacia.com.br\:993;educacionalmg.com.br\:imap.educacionalmg.com.br\:993;monteremonte.com.br\:mail.monteremonte.com.br\:993;aufstoken.com.br\:mail.aufstoken.com.br\:993;varsat.net\:imap.varsat.net\:143;deltamaq.com.br\:imap.deltamaq.com.br\:143;betorutzensina.com.br\:mail.betorutzensina.com.br\:143;cervejasrp.com.br\:mail.cervejasrp.com.br\:143;genesisgt.com.br\:mail.genesisgt.com.br\:143;hanmaum.com.br\:imap.hanmaum.com.br\:993;monteleonemotos.com.br\:imap.monteleonemotos.com.br\:993;atalaiavip.com.br\:mail.atalaiavip.com.br\:993;prijedor.com\:imap.prijedor.com\:143;nativaverde.com.br\:nativaverde.com.br\:993;entregadoranovomundo.com.br\:mail.entregadoranovomundo.com.br\:143;kidahora.com.br\:mail.kidahora.com.br\:143;usdoppler.com.br\:imap.usdoppler.com.br\:993;guiatamoios.com.br\:imap.guiatamoios.com.br\:993;tekoaec.com\:imap.tekoaec.com\:993;askm.com.br\:imap.askm.com.br\:993;acaimeucrush.com.br\:imap.acaimeucrush.com.br\:143;wcgx.com.br\:imap.wcgx.com.br\:993;manaustelecom.com.br\:imap.manaustelecom.com.br\:143;festabox.com.br\:mail.festabox.com.br\:143;granplacas.com.br\:webmail.granplacas.com.br\:993;pedrasferreira.com.br\:imap.pedrasferreira.com.br\:993;ig.com.br\:imap.ig.com.br\:993;giselepacheco.com.br\:imap.giselepacheco.com.br\:143;bettyvidigal.com.br\:imap.bettyvidigal.com.br\:993;ayaseguros.com.br\:imap.ayaseguros.com.br\:993;escolaesoterica.com.br\:imap.escolaesoterica.com.br\:143;movere.com.br\:mail.movere.com.br\:993;comblocos.com.br\:imap.comblocos.com.br\:993;incam.com.br\:imap.incam.com.br\:993;cvbadvocacia.com.br\:imap.cvbadvocacia.com.br\:143;kasil.com.br\:imap.kasil.com.br\:443;ronysgames.com.br\:mail.ronysgames.com.br\:993;lunavoce.com\:mail.lunavoce.com\:993;ciarama.com.br\:imap.ciarama.com.br\:993;mitigacao.com.br\:imap.mitigacao.com.br\:993;jitex.com.br\:imap.jitex.com.br\:993;parbem.com.br\:imap.parbem.com.br\:993;bz7.com.br\:imap.bz7.com.br\:993;tvleste.com.br\:imap.tvleste.com.br\:993;marketingsupport.com.br\:imap.marketingsupport.com.br\:993;lgeobaterias.com.br\:imap.lgeobaterias.com.br\:993;awautomacao.com.br\:imap.awautomacao.com.br\:993;hear.com.br\:imap.hear.com.br\:993;atlasesquadrias.com.br\:imap.atlasesquadrias.com.br\:993;sethvac.com.br\:imap.sethvac.com.br\:993;jcaa.com.br\:imap.jcaa.com.br\:993;momunes.org.br\:mail.momunes.org.br\:993;corpnet.com.br\:imap.corpnet.com.br\:993;forumcontabilidade.com.br\:imap.forumcontabilidade.com.br\:993;etera.com.br\:imap.etera.com.br\:993;gesadvogados.com.br\:imap.gesadvogados.com.br\:993;t7pitangueiras.com.br\:imap.t7pitangueiras.com.br\:993;egeamachado.com.br\:imap.egeamachado.com.br\:143;boechatsoft.com.br\:mail.boechatsoft.com.br\:993;piernet.com.br\:mail.piernet.com.br\:993;odetalli.com.br\:imap.odetalli.com.br\:993;clpware.com.br\:mail.clpware.com.br\:993;a1.net\:imap.a1.net\:993;cmimococa.com.br\:mail.cmimococa.com.br\:993;draanaflavia.com.br\:imap.draanaflavia.com.br\:993;cybert.com.br\:mail.cybert.com.br\:993;
